date,n_day,n_night,frp_day_mw,frp_night_mw
2015-09-15,14,0,54.7,0.0
2015-09-16,12,0,50.2,0.0
2015-09-17,38,2,172.7,1.4
2015-09-18,39,1,158.0,0.2
2015-09-19,2,0,6.3,0.0
2015-09-20,0,0,0.0,0.0
2015-09-21,0,3,0.0,6.4
2015-09-22,0,0,0.0,0.0
2015-09-23,0,0,0.0,0.0
2015-09-24,0,0,0.0,0.0
2015-09-25,0,0,0.0,0.0
2015-09-26,6,0,19.9,0.0
2015-09-27,11,0,69.6,0.0
2015-09-28,28,1,137.8,3.8
2015-09-29,87,1,346.2,0.9
2015-09-30,65,0,294.4,0.0
2015-10-01,94,1,421.4,0.5
2015-10-02,154,0,812.8,0.0
2015-10-03,251,1,1338.3,0.8
2015-10-04,457,0,1920.1,0.0
2015-10-05,269,0,1406.8,0.0
2015-10-06,164,0,858.2,0.0
2015-10-07,260,1,1146.4,1.6
2015-10-08,444,0,2533.7,0.0
2015-10-09,608,0,2990.4,0.0
2015-10-10,575,0,2973.2,0.0
2015-10-11,359,1,2368.9,0.6
2015-10-12,277,0,1611.8,0.0
2015-10-13,306,1,2138.2,0.9
2015-10-14,281,1,1517.3,0.4
2015-10-15,629,0,3741.3,0.0
2015-10-16,524,0,2920.9,0.0
2015-10-17,588,0,3083.1,0.0
2015-10-18,775,0,4857.1,0.0
2015-10-19,429,1,2497.0,0.7
2015-10-20,1238,2,6706.1,1.0
2015-10-21,825,2,5779.5,0.9
2015-10-22,1099,2,7322.5,0.9
2015-10-23,1264,0,7197.6,0.0
2015-10-24,1621,0,10797.8,0.0
2015-10-25,832,1,5397.5,0.5
2015-10-26,69,0,419.5,0.0
2015-10-27,590,1,3966.5,0.9
2015-10-28,1062,3,6348.9,4.4
2015-10-29,1784,1,14059.0,0.5
2015-10-30,3291,2,23115.9,1.8
2015-10-31,3954,3,26731.4,3.1
2015-11-01,2931,1,21078.9,0.7
2015-11-02,1824,1,11293.5,2.9
2015-11-03,4949,3,32365.6,2.7
2015-11-04,4556,2,37921.0,1.1
2015-11-05,2252,1,15934.3,0.7
2015-11-06,2211,2,16027.0,2.4
2015-11-07,1613,0,10688.1,0.0
2015-11-08,3327,0,17861.9,0.0
2015-11-09,2584,0,16187.7,0.0
2015-11-10,5267,3,37185.8,1.9
2015-11-11,3726,5,27393.1,18.7
2015-11-12,2067,1,16773.2,0.6
2015-11-13,1547,7,10108.7,7.1
2015-11-14,1891,8,14837.9,12.7
2015-11-15,1711,7,11446.7,8.2
2015-11-16,1609,1,9519.7,0.3
2015-11-17,833,3,5927.5,3.6
2015-11-18,648,0,4523.3,0.0
2015-11-19,561,0,3980.4,0.0
2015-11-20,554,4,3622.6,2.7
2015-11-21,661,6,3098.3,5.2
2015-11-22,330,0,2060.6,0.0
2015-11-23,67,10,359.1,8.8
2015-11-24,174,2,943.8,9.1
2015-11-25,150,0,985.7,0.0
2015-11-26,153,0,735.0,0.0
2015-11-27,98,1,486.2,0.8
2015-11-28,16,1,65.0,0.7
2015-11-29,22,3,93.6,2.3
2015-11-30,31,2,154.4,4.5
2015-12-01,27,3,80.1,2.3
2015-12-02,25,1,83.5,0.5
2015-12-03,21,12,128.9,46.7
2015-12-04,14,4,78.2,4.8
2015-12-05,9,1,38.8,0.9
2015-12-06,17,1,77.8,0.8
2015-12-07,17,2,56.3,1.6
2015-12-08,4,1,14.3,0.9
2015-12-09,0,4,0.0,5.3
2015-12-10,6,0,20.0,0.0
2015-12-11,11,1,37.0,0.7
2015-12-12,26,3,80.0,7.5
2015-12-13,35,0,109.7,0.0
2015-12-14,18,1,70.5,0.8
2015-12-15,24,0,125.6,0.0
2016-09-15,12,0,49.9,0.0
2016-09-16,12,0,83.9,0.0
2016-09-17,4,0,23.2,0.0
2016-09-18,20,0,105.0,0.0
2016-09-19,35,1,178.8,1.6
2016-09-20,44,0,177.6,0.0
2016-09-21,25,0,121.0,0.0
2016-09-22,14,0,62.6,0.0
2016-09-23,37,0,129.9,0.0
2016-09-24,76,0,371.2,0.0
2016-09-25,99,0,411.0,0.0
2016-09-26,61,0,267.8,0.0
2016-09-27,14,0,70.4,0.0
2016-09-28,31,3,140.7,4.1
2016-09-29,47,1,243.8,1.2
2016-09-30,138,0,594.3,0.0
2016-10-01,170,0,773.7,0.0
2016-10-02,89,0,485.5,0.0
2016-10-03,59,0,240.8,0.0
2016-10-04,55,0,293.8,0.0
2016-10-05,147,1,710.5,1.0
2016-10-06,275,1,1179.3,1.1
2016-10-07,301,2,1661.3,1.6
2016-10-08,158,1,936.5,1.1
2016-10-09,407,0,1856.8,0.0
2016-10-10,579,1,3296.1,0.5
2016-10-11,897,3,4620.0,2.9
2016-10-12,734,0,4044.1,0.0
2016-10-13,654,2,4089.4,3.8
2016-10-14,957,1,5501.0,0.5
2016-10-15,1095,0,7652.8,0.0
2016-10-16,1447,1,9309.7,0.6
2016-10-17,1589,1,8738.3,0.7
2016-10-18,1161,1,7429.2,0.6
2016-10-19,1350,0,8003.8,0.0
2016-10-20,1227,1,7394.0,0.4
2016-10-21,1598,1,10836.6,1.1
2016-10-22,2472,3,13540.2,2.0
2016-10-23,1894,4,12968.2,4.1
2016-10-24,1251,5,8621.4,13.4
2016-10-25,1987,4,11187.3,2.4
2016-10-26,2513,4,18532.1,4.1
2016-10-27,2882,10,19364.8,19.1
2016-10-28,2612,1,18665.2,1.0
2016-10-29,2071,4,16481.8,3.6
2016-10-30,1439,8,8658.3,9.7
2016-10-31,5549,4,48373.0,4.7
2016-11-01,5379,4,40033.6,5.5
2016-11-02,3331,2,18468.5,1.4
2016-11-03,3860,0,25727.3,0.0
2016-11-04,3269,2,21005.2,1.3
2016-11-05,4316,4,27735.7,3.8
2016-11-06,6286,5,47215.3,15.8
2016-11-07,8393,7,58273.6,6.6
2016-11-08,3743,9,31300.0,21.8
2016-11-09,3650,23,30498.1,38.2
2016-11-10,2953,4,16558.8,5.3
2016-11-11,3977,2,30615.5,2.1
2016-11-12,1927,4,13079.7,3.3
2016-11-13,1036,3,6708.2,2.9
2016-11-14,689,11,4831.9,11.6
2016-11-15,941,4,5874.0,3.2
2016-11-16,1044,9,7386.9,6.5
2016-11-17,1183,25,7169.3,33.5
2016-11-18,768,6,4107.6,8.4
2016-11-19,333,19,1892.3,54.6
2016-11-20,378,0,2345.8,0.0
2016-11-21,207,4,1468.2,3.4
2016-11-22,258,14,1561.5,29.7
2016-11-23,198,0,765.4,0.0
2016-11-24,72,9,362.9,19.8
2016-11-25,114,34,584.4,60.3
2016-11-26,58,11,300.0,13.3
2016-11-27,120,15,643.3,19.2
2016-11-28,117,21,445.1,32.1
2016-11-29,70,7,242.0,7.0
2016-11-30,35,3,158.0,4.0
2016-12-01,47,16,458.5,44.1
2016-12-02,48,22,366.8,37.5
2016-12-03,77,73,673.8,99.8
2016-12-04,124,45,737.2,107.6
2016-12-05,59,28,282.4,54.2
2016-12-06,46,15,206.8,33.6
2016-12-07,40,16,227.9,27.6
2016-12-08,43,67,336.5,165.5
2016-12-09,85,45,401.8,103.9
2016-12-10,3,0,9.9,0.0
2016-12-11,23,1,96.6,0.5
2016-12-12,8,2,27.7,3.6
2016-12-13,33,4,181.7,2.8
2016-12-14,33,13,123.6,15.0
2016-12-15,35,16,109.6,30.2
2017-09-15,3,3,12.2,3.2
2017-09-16,18,5,82.4,5.5
2017-09-17,41,5,265.3,6.3
2017-09-18,21,1,94.1,1.9
2017-09-19,32,3,165.2,6.1
2017-09-20,36,8,173.6,48.2
2017-09-21,22,3,136.8,3.4
2017-09-22,37,3,198.7,3.2
2017-09-23,22,2,83.4,1.8
2017-09-24,20,3,83.2,2.4
2017-09-25,18,0,95.0,0.0
2017-09-26,40,2,228.0,2.1
2017-09-27,63,3,365.0,2.9
2017-09-28,113,2,550.4,2.6
2017-09-29,58,0,270.3,0.0
2017-09-30,72,4,409.2,8.3
2017-10-01,85,3,406.1,4.2
2017-10-02,97,2,522.5,2.5
2017-10-03,138,3,652.4,3.5
2017-10-04,182,1,864.0,0.6
2017-10-05,207,3,1143.2,2.7
2017-10-06,200,1,1071.4,1.1
2017-10-07,237,2,1296.2,2.2
2017-10-08,427,7,2496.0,4.7
2017-10-09,400,2,1707.7,2.7
2017-10-10,370,2,1998.6,2.0
2017-10-11,205,4,1281.9,3.0
2017-10-12,523,2,2640.1,2.2
2017-10-13,466,4,2964.4,3.3
2017-10-14,814,5,4532.1,6.9
2017-10-15,945,2,5580.8,3.0
2017-10-16,548,1,3545.4,0.5
2017-10-17,911,1,5232.6,1.4
2017-10-18,945,1,6774.9,0.7
2017-10-19,1631,6,10879.8,5.9
2017-10-20,2036,1,10771.0,1.3
2017-10-21,1219,5,7714.4,4.4
2017-10-22,1026,2,5887.4,1.6
2017-10-23,1091,1,6849.3,1.8
2017-10-24,1582,4,10811.9,4.6
2017-10-25,1884,4,10512.7,4.0
2017-10-26,1604,4,11601.1,5.5
2017-10-27,1380,5,9672.0,3.9
2017-10-28,2660,2,16077.5,3.4
2017-10-29,3272,5,22718.2,4.7
2017-10-30,3495,4,21887.3,5.4
2017-10-31,3339,2,22071.8,2.5
2017-11-01,2616,1,18894.0,0.6
2017-11-02,1347,1,7177.5,0.9
2017-11-03,1950,2,12499.0,1.8
2017-11-04,5190,0,31241.1,0.0
2017-11-05,2471,2,11581.1,1.6
2017-11-06,176,2,624.0,13.1
2017-11-07,458,0,2702.7,0.0
2017-11-08,2460,0,12600.8,0.0
2017-11-09,989,1,5835.8,0.3
2017-11-10,1914,1,8686.7,0.5
2017-11-11,130,1,542.7,0.6
2017-11-12,27,0,127.5,0.0
2017-11-13,258,2,788.9,1.6
2017-11-14,997,7,5273.7,7.8
2017-11-15,55,4,217.4,2.0
2017-11-16,35,0,176.9,0.0
2017-11-17,202,0,1355.9,0.0
2017-11-18,2313,2,13644.7,1.9
2017-11-19,2383,4,17074.9,6.6
2017-11-20,2620,6,16227.0,4.9
2017-11-21,2277,1,13557.4,1.0
2017-11-22,1030,1,6338.3,1.3
2017-11-23,1037,1,7265.8,0.7
2017-11-24,716,4,5511.1,4.9
2017-11-25,821,4,5594.7,2.9
2017-11-26,796,6,3783.2,16.6
2017-11-27,398,8,2318.5,9.2
2017-11-28,192,1,1350.3,1.6
2017-11-29,231,1,1210.6,2.4
2017-11-30,242,2,1196.0,3.8
2017-12-01,264,5,1033.8,9.6
2017-12-02,133,2,512.7,2.7
2017-12-03,43,1,160.2,0.9
2017-12-04,20,2,67.8,2.6
2017-12-05,40,2,282.8,1.0
2017-12-06,88,1,458.1,0.7
2017-12-07,147,0,540.4,0.0
2017-12-08,78,19,296.6,40.3
2017-12-09,59,4,253.2,11.0
2017-12-10,36,0,148.1,0.0
2017-12-11,0,0,0.0,0.0
2017-12-12,0,0,0.0,0.0
2017-12-13,0,0,0.0,0.0
2017-12-14,0,0,0.0,0.0
2017-12-15,2,0,5.9,0.0
2018-09-15,16,0,74.3,0.0
2018-09-16,4,5,16.8,5.3
2018-09-17,11,0,83.7,0.0
2018-09-18,15,0,70.7,0.0
2018-09-19,21,0,111.1,0.0
2018-09-20,51,1,251.1,1.6
2018-09-21,75,0,336.0,0.0
2018-09-22,2,0,10.9,0.0
2018-09-23,0,0,0.0,0.0
2018-09-24,3,3,20.5,2.2
2018-09-25,10,2,52.5,1.3
2018-09-26,24,1,94.3,0.6
2018-09-27,28,0,103.4,0.0
2018-09-28,20,1,80.1,0.3
2018-09-29,22,2,81.0,1.2
2018-09-30,40,3,201.5,1.7
2018-10-01,91,0,304.4,0.0
2018-10-02,73,4,313.1,7.6
2018-10-03,22,3,125.8,1.5
2018-10-04,69,5,332.6,10.2
2018-10-05,116,1,626.4,0.4
2018-10-06,235,7,1161.4,4.1
2018-10-07,391,0,1555.2,0.0
2018-10-08,120,0,567.9,0.0
2018-10-09,106,3,454.3,11.2
2018-10-10,76,1,499.3,0.6
2018-10-11,206,2,956.8,1.0
2018-10-12,344,5,1289.2,3.8
2018-10-13,297,3,1508.1,1.9
2018-10-14,248,0,1278.7,0.0
2018-10-15,234,2,997.3,1.8
2018-10-16,322,7,1583.5,3.8
2018-10-17,626,2,2838.0,1.0
2018-10-18,586,2,3218.5,1.5
2018-10-19,469,6,2916.5,15.1
2018-10-20,711,2,4154.2,1.2
2018-10-21,890,4,6155.3,2.8
2018-10-22,834,10,4783.4,9.6
2018-10-23,1056,6,5960.3,3.8
2018-10-24,978,5,6363.1,3.7
2018-10-25,1110,4,6886.7,2.6
2018-10-26,1488,2,10790.9,1.3
2018-10-27,2137,10,16310.9,12.9
2018-10-28,3113,0,19348.5,0.0
2018-10-29,1430,2,9943.7,3.4
2018-10-30,1485,6,10108.0,16.9
2018-10-31,2979,10,16979.5,8.0
2018-11-01,3785,7,29196.9,5.9
2018-11-02,3881,1,27115.4,0.7
2018-11-03,1192,1,7993.1,2.0
2018-11-04,1017,8,6767.8,4.3
2018-11-05,3299,6,21920.5,6.1
2018-11-06,3451,11,29719.6,9.4
2018-11-07,4292,17,31887.9,16.5
2018-11-08,4800,0,29414.6,0.0
2018-11-09,2254,8,13569.7,6.3
2018-11-10,1839,3,10067.4,4.2
2018-11-11,1603,6,9889.0,3.8
2018-11-12,1452,4,10525.2,1.7
2018-11-13,1762,9,10777.3,4.8
2018-11-14,968,7,6712.8,3.9
2018-11-15,1737,4,11719.4,2.2
2018-11-16,1691,3,9774.3,2.3
2018-11-17,1217,9,8738.3,9.8
2018-11-18,1835,4,11059.5,4.3
2018-11-19,1014,6,6377.0,7.6
2018-11-20,493,7,3266.7,8.8
2018-11-21,719,0,4091.9,0.0
2018-11-22,455,6,3464.0,6.2
2018-11-23,626,6,3831.9,3.8
2018-11-24,382,4,2018.7,5.6
2018-11-25,202,7,1045.3,6.6
2018-11-26,112,0,623.8,0.0
2018-11-27,0,1,0.0,0.7
2018-11-28,118,8,527.0,5.1
2018-11-29,88,3,434.1,2.1
2018-11-30,69,1,334.9,9.0
2018-12-01,34,0,133.9,0.0
2018-12-02,44,1,168.6,0.8
2018-12-03,33,6,140.1,4.2
2018-12-04,29,0,107.5,0.0
2018-12-05,45,0,135.3,0.0
2018-12-06,27,3,95.8,2.5
2018-12-07,23,0,84.3,0.0
2018-12-08,19,6,68.0,4.3
2018-12-09,28,1,146.0,0.6
2018-12-10,25,0,66.8,0.0
2018-12-11,18,0,76.3,0.0
2018-12-12,1,5,3.8,5.4
2018-12-13,7,7,18.5,6.3
2018-12-14,24,8,86.2,7.8
2018-12-15,45,1,142.3,1.1
2019-09-15,17,0,131.9,0.0
2019-09-16,11,0,45.8,0.0
2019-09-17,47,0,264.9,0.0
2019-09-18,46,1,237.8,0.7
2019-09-19,2,0,7.0,0.0
2019-09-20,11,0,73.1,0.0
2019-09-21,49,2,244.4,2.0
2019-09-22,66,2,456.6,1.7
2019-09-23,84,3,372.1,1.8
2019-09-24,114,0,624.3,0.0
2019-09-25,43,0,212.9,0.0
2019-09-26,14,6,57.4,35.1
2019-09-27,15,0,65.9,0.0
2019-09-28,28,1,154.2,0.3
2019-09-29,3,1,14.9,1.0
2019-09-30,7,1,32.9,1.0
2019-10-01,5,1,14.6,0.6
2019-10-02,38,0,139.9,0.0
2019-10-03,51,0,188.2,0.0
2019-10-04,33,0,137.0,0.0
2019-10-05,58,1,224.7,0.6
2019-10-06,27,0,87.9,0.0
2019-10-07,52,2,250.8,1.4
2019-10-08,158,1,895.8,0.5
2019-10-09,230,2,967.2,0.9
2019-10-10,321,0,1381.1,0.0
2019-10-11,221,0,1120.2,0.0
2019-10-12,190,0,826.4,0.0
2019-10-13,289,0,1345.6,0.0
2019-10-14,330,3,1815.3,9.0
2019-10-15,531,3,2321.5,2.2
2019-10-16,355,1,1973.6,1.3
2019-10-17,260,0,1358.0,0.0
2019-10-18,143,2,678.4,2.4
2019-10-19,569,2,3114.4,4.2
2019-10-20,891,6,4602.3,3.8
2019-10-21,975,2,5777.1,1.0
2019-10-22,695,3,4706.8,4.0
2019-10-23,929,4,5401.3,5.1
2019-10-24,1137,3,8083.5,1.4
2019-10-25,1782,4,11320.0,2.4
2019-10-26,2475,5,14323.5,4.9
2019-10-27,2403,2,16564.0,4.1
2019-10-28,2382,1,15790.2,0.9
2019-10-29,1566,2,12116.2,1.3
2019-10-30,3131,5,26045.8,3.6
2019-10-31,0,1,0.0,0.6
2019-11-01,342,3,2010.5,2.3
2019-11-02,11,0,36.8,0.0
2019-11-03,2900,2,15343.8,1.1
2019-11-04,5094,9,39048.0,5.3
2019-11-05,5018,14,33926.6,14.0
2019-11-06,4338,2,34456.7,3.2
2019-11-07,152,1,1205.6,0.6
2019-11-08,453,4,2962.8,7.1
2019-11-09,1819,6,15916.7,6.7
2019-11-10,2463,6,18081.6,3.9
2019-11-11,739,1,4701.6,1.1
2019-11-12,615,1,3562.1,0.4
2019-11-13,11,4,63.6,4.3
2019-11-14,1,0,2.4,0.0
2019-11-15,122,7,696.7,3.6
2019-11-16,67,5,407.0,4.4
2019-11-17,529,3,3226.5,4.2
2019-11-18,668,13,4680.7,11.8
2019-11-19,1523,5,10074.3,3.2
2019-11-20,855,18,7835.8,22.3
2019-11-21,191,9,938.9,14.3
2019-11-22,25,0,125.8,0.0
2019-11-23,261,5,2233.2,4.9
2019-11-24,468,9,3317.3,12.4
2019-11-25,338,14,2359.2,18.1
2019-11-26,32,0,118.6,0.0
2019-11-27,21,0,108.9,0.0
2019-11-28,9,0,42.5,0.0
2019-11-29,38,1,222.6,0.4
2019-11-30,85,4,596.7,2.1
2019-12-01,187,2,997.8,2.0
2019-12-02,216,2,840.8,2.5
2019-12-03,100,5,619.1,4.7
2019-12-04,51,1,284.0,0.3
2019-12-05,51,3,291.7,2.0
2019-12-06,153,9,645.1,8.2
2019-12-07,181,6,620.4,4.3
2019-12-08,165,1,698.2,1.5
2019-12-09,8,1,30.2,0.5
2019-12-10,34,1,170.9,1.2
2019-12-11,1,0,4.8,0.0
2019-12-12,0,0,0.0,0.0
2019-12-13,0,1,0.0,1.0
2019-12-14,0,3,0.0,3.2
2019-12-15,1,1,5.2,0.8
2020-09-15,8,0,82.1,0.0
2020-09-16,3,0,11.2,0.0
2020-09-17,24,1,157.4,1.2
2020-09-18,47,3,250.1,2.0
2020-09-19,45,0,266.0,0.0
2020-09-20,85,2,453.4,3.3
2020-09-21,60,0,359.7,0.0
2020-09-22,46,2,307.4,1.1
2020-09-23,72,1,421.6,0.9
2020-09-24,112,0,816.5,0.0
2020-09-25,224,1,1374.0,0.9
2020-09-26,147,0,790.2,0.0
2020-09-27,104,2,594.3,2.5
2020-09-28,60,2,324.3,1.3
2020-09-29,128,2,790.4,2.4
2020-09-30,183,6,1156.5,6.3
2020-10-01,211,5,1109.7,6.1
2020-10-02,220,0,1337.3,0.0
2020-10-03,144,5,837.6,3.7
2020-10-04,299,0,1361.4,0.0
2020-10-05,211,3,1112.3,2.5
2020-10-06,291,1,1295.0,0.6
2020-10-07,273,0,1363.7,0.0
2020-10-08,213,2,1276.1,1.5
2020-10-09,202,0,1261.4,0.0
2020-10-10,388,5,2819.0,5.0
2020-10-11,610,3,3193.9,3.8
2020-10-12,473,3,2313.1,2.1
2020-10-13,369,5,2165.1,11.1
2020-10-14,621,14,3893.4,41.3
2020-10-15,710,7,4614.7,14.7
2020-10-16,777,9,4862.9,7.9
2020-10-17,1199,13,6780.7,16.1
2020-10-18,1047,8,7227.5,10.3
2020-10-19,747,19,4688.6,28.7
2020-10-20,1166,8,7145.1,9.0
2020-10-21,1231,8,8164.0,5.4
2020-10-22,1622,15,9319.4,22.0
2020-10-23,1151,8,7317.0,19.3
2020-10-24,911,4,6282.2,3.0
2020-10-25,1666,1,10927.4,1.6
2020-10-26,1807,8,14980.3,5.1
2020-10-27,2364,14,16922.7,12.9
2020-10-28,2287,7,14744.2,15.4
2020-10-29,1623,7,11110.3,49.3
2020-10-30,3443,10,25591.2,10.1
2020-10-31,3832,2,32937.1,2.4
2020-11-01,3352,16,29807.6,9.5
2020-11-02,3317,4,22250.6,3.1
2020-11-03,2463,7,20307.1,7.1
2020-11-04,4004,8,32706.4,17.9
2020-11-05,5354,1,35825.8,0.8
2020-11-06,4280,16,35021.2,21.5
2020-11-07,4992,21,35966.6,41.7
2020-11-08,3078,9,23043.5,9.1
2020-11-09,1549,9,11973.4,15.3
2020-11-10,3616,6,25745.3,3.0
2020-11-11,2668,16,21665.9,26.8
2020-11-12,2112,9,14268.9,8.6
2020-11-13,1982,17,11924.4,71.4
2020-11-14,403,14,2330.7,20.4
2020-11-15,115,1,531.6,0.7
2020-11-16,21,6,154.0,12.1
2020-11-17,325,6,2077.5,3.7
2020-11-18,718,9,4364.2,13.4
2020-11-19,515,5,3531.1,3.6
2020-11-20,732,0,4734.9,0.0
2020-11-21,818,5,4867.2,4.9
2020-11-22,33,3,229.3,3.4
2020-11-23,148,1,890.8,1.0
2020-11-24,37,1,208.6,3.4
2020-11-25,0,1,0.0,0.6
2020-11-26,31,4,109.5,3.8
2020-11-27,171,2,1036.2,1.0
2020-11-28,239,7,1108.1,25.6
2020-11-29,146,0,753.8,0.0
2020-11-30,74,3,334.5,2.2
2020-12-01,75,4,433.1,4.6
2020-12-02,61,7,345.3,8.2
2020-12-03,79,6,349.6,6.2
2020-12-04,86,8,333.7,6.0
2020-12-05,50,0,244.0,0.0
2020-12-06,25,1,109.1,0.3
2020-12-07,25,8,93.1,20.0
2020-12-08,39,8,164.1,8.4
2020-12-09,22,5,69.6,5.9
2020-12-10,48,1,174.6,1.4
2020-12-11,17,1,52.2,3.1
2020-12-12,2,0,4.8,0.0
2020-12-13,3,1,9.6,0.8
2020-12-14,7,4,24.4,9.7
2020-12-15,90,2,319.4,3.0
2021-09-15,1,1,7.4,3.4
2021-09-16,3,0,14.2,0.0
2021-09-17,2,4,11.3,2.7
2021-09-18,14,2,52.7,1.6
2021-09-19,19,0,137.1,0.0
2021-09-20,15,0,76.5,0.0
2021-09-21,2,0,19.9,0.0
2021-09-22,0,0,0.0,0.0
2021-09-23,3,0,6.7,0.0
2021-09-24,17,0,99.6,0.0
2021-09-25,19,0,107.9,0.0
2021-09-26,21,2,93.1,3.6
2021-09-27,59,0,354.0,0.0
2021-09-28,90,2,458.9,1.3
2021-09-29,104,0,466.2,0.0
2021-09-30,58,0,400.2,0.0
2021-10-01,20,1,81.8,1.1
2021-10-02,10,1,57.7,0.2
2021-10-03,78,1,436.0,0.6
2021-10-04,62,0,279.0,0.0
2021-10-05,50,0,248.0,0.0
2021-10-06,62,1,294.3,0.3
2021-10-07,158,3,700.9,3.2
2021-10-08,163,1,975.4,0.4
2021-10-09,304,0,1335.9,0.0
2021-10-10,399,0,1734.4,0.0
2021-10-11,186,0,1031.8,0.0
2021-10-12,213,0,1015.0,0.0
2021-10-13,350,4,1954.2,3.3
2021-10-14,603,5,3026.5,3.7
2021-10-15,1208,0,5921.2,0.0
2021-10-16,902,3,5074.7,5.7
2021-10-17,50,0,252.4,0.0
2021-10-18,108,3,779.0,11.3
2021-10-19,769,2,4786.9,0.8
2021-10-20,1302,5,6338.0,26.7
2021-10-21,1028,2,6204.1,1.4
2021-10-22,1277,1,7974.8,0.6
2021-10-23,844,0,5238.8,0.0
2021-10-24,41,6,262.5,2.5
2021-10-25,321,7,1518.2,4.4
2021-10-26,621,2,3387.4,1.8
2021-10-27,492,7,2999.0,8.6
2021-10-28,1263,3,8336.2,1.7
2021-10-29,1528,4,12132.5,2.8
2021-10-30,2190,7,15737.6,3.2
2021-10-31,3019,2,19140.6,1.1
2021-11-01,2549,6,17950.2,7.2
2021-11-02,2953,12,20275.2,33.0
2021-11-03,3087,3,24107.5,1.5
2021-11-04,3735,15,34351.7,9.5
2021-11-05,6580,5,45275.1,6.9
2021-11-06,4742,0,41231.2,0.0
2021-11-07,5174,5,45370.1,2.4
2021-11-08,5702,5,43260.9,3.5
2021-11-09,4942,11,42193.1,4.9
2021-11-10,5346,3,36955.9,1.4
2021-11-11,4429,1,32468.1,1.0
2021-11-12,3866,6,32979.9,4.6
2021-11-13,4733,1,37121.7,0.7
2021-11-14,2896,4,25649.7,1.4
2021-11-15,2580,8,18616.7,5.2
2021-11-16,2017,3,13263.0,2.3
2021-11-17,867,10,5918.9,15.1
2021-11-18,891,5,6647.2,11.6
2021-11-19,802,4,5836.4,2.2
2021-11-20,592,9,3977.5,6.7
2021-11-21,689,8,3503.2,4.9
2021-11-22,282,5,1729.7,3.5
2021-11-23,203,3,1373.6,2.5
2021-11-24,156,3,816.7,3.0
2021-11-25,127,9,761.2,21.5
2021-11-26,120,4,478.7,2.4
2021-11-27,108,1,546.8,1.3
2021-11-28,42,1,211.9,0.6
2021-11-29,48,2,185.5,4.8
2021-11-30,57,1,301.1,0.8
2021-12-01,2,0,5.0,0.0
2021-12-02,20,0,84.3,0.0
2021-12-03,16,1,48.1,1.1
2021-12-04,35,3,142.5,1.7
2021-12-05,7,2,27.0,1.3
2021-12-06,19,4,88.0,2.6
2021-12-07,34,3,104.5,2.3
2021-12-08,37,2,108.2,4.0
2021-12-09,12,0,46.0,0.0
2021-12-10,24,5,76.7,4.5
2021-12-11,29,2,141.5,2.4
2021-12-12,49,6,153.4,3.8
2021-12-13,56,3,196.0,3.2
2021-12-14,29,2,100.3,1.2
2021-12-15,33,2,85.2,2.6
2022-09-15,26,1,130.4,0.3
2022-09-16,2,0,5.5,0.0
2022-09-17,8,0,30.6,0.0
2022-09-18,11,0,67.9,0.0
2022-09-19,28,0,201.6,0.0
2022-09-20,17,0,92.3,0.0
2022-09-21,66,4,290.0,3.8
2022-09-22,40,0,180.1,0.0
2022-09-23,5,1,19.7,0.6
2022-09-24,0,0,0.0,0.0
2022-09-25,0,5,0.0,2.0
2022-09-26,4,2,14.0,1.2
2022-09-27,6,0,25.4,0.0
2022-09-28,2,2,10.2,1.5
2022-09-29,6,0,40.9,0.0
2022-09-30,27,2,141.2,2.9
2022-10-01,98,5,392.9,4.4
2022-10-02,169,0,694.2,0.0
2022-10-03,99,0,523.2,0.0
2022-10-04,125,3,606.1,4.2
2022-10-05,165,1,958.3,0.3
2022-10-06,194,0,917.0,0.0
2022-10-07,143,2,509.8,1.6
2022-10-08,45,4,241.0,3.2
2022-10-09,13,1,49.9,2.0
2022-10-10,17,1,68.0,0.8
2022-10-11,61,3,315.1,1.7
2022-10-12,143,0,588.7,0.0
2022-10-13,166,0,819.2,0.0
2022-10-14,130,3,782.2,5.3
2022-10-15,249,5,1182.6,3.2
2022-10-16,362,1,2153.1,0.6
2022-10-17,484,2,2619.9,0.9
2022-10-18,568,3,2874.9,2.3
2022-10-19,400,0,1947.4,0.0
2022-10-20,216,3,1061.9,2.9
2022-10-21,433,1,2339.5,0.3
2022-10-22,779,5,4649.5,2.2
2022-10-23,1203,3,6127.0,2.2
2022-10-24,1100,7,6998.0,8.8
2022-10-25,939,0,6689.8,0.0
2022-10-26,1073,2,6117.5,1.4
2022-10-27,1336,6,8811.1,5.6
2022-10-28,1952,3,11825.4,1.9
2022-10-29,2060,3,12987.5,3.0
2022-10-30,1661,2,11642.6,5.2
2022-10-31,1871,2,12138.7,3.0
2022-11-01,2080,3,16348.8,2.7
2022-11-02,3089,9,22879.0,4.7
2022-11-03,3044,4,21347.9,3.0
2022-11-04,1742,3,11343.6,2.2
2022-11-05,3062,15,19948.7,76.1
2022-11-06,614,1,3740.9,1.0
2022-11-07,2401,6,18978.0,2.8
2022-11-08,746,2,4684.5,2.0
2022-11-09,1286,6,9731.5,8.0
2022-11-10,2129,10,14516.2,13.6
2022-11-11,3351,3,22408.5,2.7
2022-11-12,2710,8,21624.0,4.7
2022-11-13,2344,2,15636.5,2.6
2022-11-14,6,3,18.5,3.6
2022-11-15,161,11,1074.0,15.1
2022-11-16,1109,10,7314.5,10.6
2022-11-17,1213,10,9624.5,10.2
2022-11-18,725,5,4241.6,4.4
2022-11-19,645,6,3668.8,6.3
2022-11-20,397,11,2434.3,17.6
2022-11-21,300,12,2017.0,25.1
2022-11-22,235,9,1919.4,8.3
2022-11-23,223,9,1257.1,7.0
2022-11-24,204,6,834.8,40.6
2022-11-25,91,15,522.6,79.0
2022-11-26,44,22,269.1,193.7
2022-11-27,70,7,404.6,22.1
2022-11-28,46,8,197.8,14.2
2022-11-29,66,5,254.4,6.2
2022-11-30,48,7,189.9,5.9
2022-12-01,39,0,186.1,0.0
2022-12-02,3,9,11.9,7.2
2022-12-03,23,8,64.7,5.9
2022-12-04,43,5,247.6,4.2
2022-12-05,64,0,234.5,0.0
2022-12-06,28,10,103.9,88.3
2022-12-07,37,4,150.5,3.3
2022-12-08,14,3,48.1,3.0
2022-12-09,27,9,119.6,9.7
2022-12-10,32,0,182.1,0.0
2022-12-11,41,1,166.3,1.2
2022-12-12,38,14,162.2,70.2
2022-12-13,37,2,227.1,2.8
2022-12-14,20,8,71.6,13.9
2022-12-15,44,10,170.4,28.8
2023-09-15,2,0,11.8,0.0
2023-09-16,7,0,37.6,0.0
2023-09-17,0,1,0.0,4.0
2023-09-18,0,1,0.0,0.6
2023-09-19,1,0,4.4,0.0
2023-09-20,5,0,23.4,0.0
2023-09-21,1,0,2.6,0.0
2023-09-22,3,0,9.9,0.0
2023-09-23,4,3,18.1,2.0
2023-09-24,0,3,0.0,3.6
2023-09-25,3,1,12.1,0.6
2023-09-26,1,1,4.7,0.3
2023-09-27,45,0,246.1,0.0
2023-09-28,45,1,182.6,2.0
2023-09-29,95,1,391.9,1.2
2023-09-30,137,0,623.0,0.0
2023-10-01,106,0,606.8,0.0
2023-10-02,177,1,835.7,0.3
2023-10-03,158,2,915.4,3.9
2023-10-04,213,3,1056.2,2.5
2023-10-05,233,0,1093.2,0.0
2023-10-06,170,0,793.1,0.0
2023-10-07,84,0,394.9,0.0
2023-10-08,153,0,758.1,0.0
2023-10-09,166,1,914.3,0.4
2023-10-10,96,1,344.7,0.4
2023-10-11,109,2,498.2,3.1
2023-10-12,142,5,769.7,9.0
2023-10-13,182,3,758.0,6.9
2023-10-14,221,3,1171.3,2.1
2023-10-15,188,0,839.1,0.0
2023-10-16,0,0,0.0,0.0
2023-10-17,1,3,5.4,1.7
2023-10-18,40,0,181.9,0.0
2023-10-19,81,4,438.9,3.5
2023-10-20,226,3,1211.1,3.4
2023-10-21,288,3,1229.9,2.7
2023-10-22,55,7,255.0,13.7
2023-10-23,220,4,1109.8,4.4
2023-10-24,463,9,2484.1,26.4
2023-10-25,467,7,2615.5,16.0
2023-10-26,826,5,4059.3,6.4
2023-10-27,625,3,4109.8,2.7
2023-10-28,180,4,1020.7,3.8
2023-10-29,999,8,5595.5,12.0
2023-10-30,1094,11,6988.8,16.5
2023-10-31,1585,2,8822.1,5.9
2023-11-01,1550,0,9464.5,0.0
2023-11-02,0,2,0.0,1.8
2023-11-03,1039,1,6340.1,0.6
2023-11-04,1520,13,11641.7,9.6
2023-11-05,3277,5,22458.9,6.8
2023-11-06,1954,3,10907.6,1.6
2023-11-07,1629,4,10623.7,5.5
2023-11-08,1335,5,8274.7,4.9
2023-11-09,781,2,4948.4,1.1
2023-11-10,12,5,88.8,3.7
2023-11-11,155,3,712.4,1.7
2023-11-12,1030,14,7018.8,51.3
2023-11-13,1327,7,9160.6,6.0
2023-11-14,1979,2,12241.9,5.3
2023-11-15,1981,10,14814.7,10.3
2023-11-16,1507,11,9094.0,12.1
2023-11-17,1084,3,7272.5,3.0
2023-11-18,469,5,3592.3,3.6
2023-11-19,850,11,5782.8,12.1
2023-11-20,536,14,3975.5,37.9
2023-11-21,772,19,4777.8,28.7
2023-11-22,497,5,2748.5,5.4
2023-11-23,278,11,1744.2,17.5
2023-11-24,208,2,1120.2,2.5
2023-11-25,49,1,398.3,1.4
2023-11-26,73,0,516.9,0.0
2023-11-27,0,5,0.0,4.1
2023-11-28,40,10,150.2,14.1
2023-11-29,18,1,68.8,1.4
2023-11-30,15,4,56.9,11.2
2023-12-01,45,9,224.9,9.1
2023-12-02,65,7,302.1,4.5
2023-12-03,54,5,165.9,15.6
2023-12-04,9,1,40.3,0.5
2023-12-05,16,2,63.6,5.0
2023-12-06,36,10,164.4,69.9
2023-12-07,46,12,228.9,11.9
2023-12-08,56,4,223.6,4.2
2023-12-09,18,11,78.1,47.9
2023-12-10,22,12,71.9,30.2
2023-12-11,22,12,87.2,15.7
2023-12-12,22,12,144.1,13.6
2023-12-13,50,16,230.9,19.1
2023-12-14,11,1,46.7,1.0
2023-12-15,11,12,48.2,18.9
2024-09-15,88,1,421.9,2.6
2024-09-16,33,0,223.1,0.0
2024-09-17,22,3,158.8,4.2
2024-09-18,17,0,109.7,0.0
2024-09-19,13,4,52.8,3.2
2024-09-20,45,2,195.4,4.4
2024-09-21,74,1,408.4,0.7
2024-09-22,53,1,268.0,1.4
2024-09-23,35,8,138.0,17.5
2024-09-24,48,2,327.5,3.2
2024-09-25,85,2,508.0,1.8
2024-09-26,0,0,0.0,0.0
2024-09-27,0,1,0.0,0.8
2024-09-28,0,2,0.0,2.5
2024-09-29,22,1,80.9,0.6
2024-09-30,26,4,131.5,4.0
2024-10-01,74,5,325.3,5.1
2024-10-02,65,0,297.7,0.0
2024-10-03,38,2,227.9,1.6
2024-10-04,46,1,244.1,1.6
2024-10-05,67,0,302.4,0.0
2024-10-06,72,1,311.0,0.4
2024-10-07,107,7,462.3,25.3
2024-10-08,65,1,342.7,1.2
2024-10-09,96,5,449.6,5.6
2024-10-10,129,6,693.6,19.7
2024-10-11,202,6,1079.1,7.0
2024-10-12,306,8,1344.9,18.5
2024-10-13,213,14,1024.5,23.8
2024-10-14,139,2,774.3,4.1
2024-10-15,196,7,904.2,9.8
2024-10-16,173,6,892.9,6.0
2024-10-17,345,12,1449.4,100.2
2024-10-18,236,5,1105.2,5.0
2024-10-19,100,2,450.7,1.3
2024-10-20,157,6,751.3,11.9
2024-10-21,146,5,774.3,3.2
2024-10-22,229,3,1057.7,3.9
2024-10-23,273,6,1068.4,21.6
2024-10-24,152,8,826.9,7.3
2024-10-25,195,12,1025.6,20.6
2024-10-26,159,12,971.9,22.7
2024-10-27,273,18,1623.6,17.0
2024-10-28,294,8,1359.7,10.0
2024-10-29,207,7,1326.8,6.6
2024-10-30,188,15,1026.8,154.9
2024-10-31,564,15,3521.8,15.6
2024-11-01,776,49,5369.7,132.9
2024-11-02,633,23,3160.3,27.5
2024-11-03,0,0,0.0,0.0
2024-11-04,0,0,0.0,0.0
2024-11-05,0,0,0.0,0.0
2024-11-06,0,12,0.0,14.4
2024-11-07,650,18,3323.5,14.1
2024-11-08,698,9,3405.4,11.2
2024-11-09,345,14,1718.3,13.2
2024-11-10,199,8,1261.3,12.9
2024-11-11,414,4,2373.1,2.5
2024-11-12,194,7,1151.2,6.1
2024-11-13,379,9,1475.4,12.1
2024-11-14,23,0,103.7,0.0
2024-11-15,77,13,466.4,9.7
2024-11-16,184,3,839.3,4.4
2024-11-17,616,18,3220.5,28.0
2024-11-18,1119,24,5296.7,23.2
2024-11-19,458,15,2492.4,13.9
2024-11-20,193,14,1363.9,14.0
2024-11-21,241,11,1528.3,13.7
2024-11-22,250,18,1910.4,17.1
2024-11-23,254,26,1669.5,40.2
2024-11-24,206,18,961.9,20.7
2024-11-25,86,21,584.4,20.9
2024-11-26,70,19,421.9,57.6
2024-11-27,80,8,417.5,11.4
2024-11-28,61,8,301.3,5.2
2024-11-29,84,8,339.2,21.4
2024-11-30,41,4,209.8,9.2
2024-12-01,40,3,349.3,1.7
2024-12-02,16,2,150.3,1.6
2024-12-03,19,13,87.3,9.7
2024-12-04,37,13,142.8,11.3
2024-12-05,45,13,331.9,19.6
2024-12-06,27,8,117.3,12.4
2024-12-07,41,6,324.9,10.9
2024-12-08,6,2,19.8,1.1
2024-12-09,20,7,70.5,4.3
2024-12-10,53,4,216.2,15.8
2024-12-11,27,5,149.6,10.1
2024-12-12,14,10,36.3,20.2
2024-12-13,12,8,32.2,12.4
2024-12-14,29,50,113.3,241.8
2024-12-15,64,65,264.3,199.5
2025-09-15,7,0,41.7,0.0
2025-09-16,20,0,122.2,0.0
2025-09-17,20,0,87.2,0.0
2025-09-18,20,0,68.2,0.0
2025-09-19,9,0,51.7,0.0
2025-09-20,2,0,9.5,0.0
2025-09-21,6,1,30.1,0.7
2025-09-22,14,1,107.7,0.8
2025-09-23,15,0,73.8,0.0
2025-09-24,38,0,166.0,0.0
2025-09-25,21,1,88.6,1.0
2025-09-26,8,0,27.4,0.0
2025-09-27,24,3,123.9,2.7
2025-09-28,44,2,187.0,2.3
2025-09-29,59,0,329.3,0.0
2025-09-30,19,0,94.9,0.0
2025-10-01,22,1,103.0,0.6
2025-10-02,39,1,184.7,0.8
2025-10-03,53,3,362.6,2.1
2025-10-04,105,2,427.1,1.8
2025-10-05,14,0,49.5,0.0
2025-10-06,0,0,0.0,0.0
2025-10-07,0,9,0.0,37.4
2025-10-08,6,7,19.6,4.9
2025-10-09,46,3,315.9,1.8
2025-10-10,90,1,458.7,4.5
2025-10-11,72,1,333.8,0.6
2025-10-12,71,2,357.6,1.0
2025-10-13,68,2,429.0,1.8
2025-10-14,133,13,696.7,13.8
2025-10-15,172,2,821.5,1.8
2025-10-16,130,0,617.1,0.0
2025-10-17,111,1,551.7,0.6
2025-10-18,165,0,716.4,0.0
2025-10-19,216,5,1234.9,3.6
2025-10-20,280,5,1168.7,4.2
2025-10-21,206,6,1042.5,6.7
2025-10-22,131,5,851.4,7.5
2025-10-23,137,1,707.4,0.5
2025-10-24,142,1,728.2,0.3
2025-10-25,255,11,1227.6,20.2
2025-10-26,330,7,1550.0,5.8
2025-10-27,112,6,618.8,5.7
2025-10-28,95,1,494.1,0.8
2025-10-29,214,2,1604.3,2.5
2025-10-30,273,8,1672.4,4.9
2025-10-31,443,5,1999.7,7.8
2025-11-01,305,4,1862.1,2.6
2025-11-02,315,6,2000.0,6.6
2025-11-03,244,4,1206.7,2.1
2025-11-04,341,7,2334.6,3.2
2025-11-05,275,20,1317.3,60.7
2025-11-06,248,6,1290.2,6.3
2025-11-07,200,16,1283.0,21.1
2025-11-08,314,11,1839.1,65.3
2025-11-09,384,23,2316.2,28.1
2025-11-10,337,12,1495.8,29.2
2025-11-11,298,0,1401.1,0.0
2025-11-12,0,4,0.0,8.6
2025-11-13,150,2,898.5,1.5
2025-11-14,137,3,1124.2,1.7
2025-11-15,149,6,1152.9,3.8
2025-11-16,203,6,843.0,5.4
2025-11-17,66,4,360.8,3.9
2025-11-18,50,14,348.1,12.3
2025-11-19,57,8,303.3,18.6
2025-11-20,64,8,312.2,4.9
2025-11-21,81,5,382.9,3.3
2025-11-22,42,0,175.4,0.0
2025-11-23,23,0,106.2,0.0
2025-11-24,20,8,111.7,33.1
2025-11-25,18,1,84.5,0.9
2025-11-26,27,0,85.6,0.0
2025-11-27,47,1,252.9,1.4
2025-11-28,19,3,119.9,2.0
2025-11-29,7,1,24.7,1.6
2025-11-30,17,9,295.3,95.6
2025-12-01,13,11,69.3,12.5
2025-12-02,18,4,57.5,3.0
2025-12-03,18,0,68.9,0.0
2025-12-04,5,0,14.7,0.0
2025-12-05,13,0,39.0,0.0
2025-12-06,5,7,15.1,5.0
2025-12-07,14,2,52.1,1.6
2025-12-08,18,6,41.0,19.0
2025-12-09,14,2,40.8,1.0
2025-12-10,11,5,104.2,6.6
2025-12-11,21,6,83.7,6.3
2025-12-12,14,5,93.5,5.1
2025-12-13,6,2,24.1,6.9
2025-12-14,8,3,24.0,7.8
2025-12-15,6,20,18.3,36.9
