date,n_fires,frp_sum_mw
2015-09-15,14,54.7
2015-09-16,12,50.2
2015-09-17,40,174.1
2015-09-18,40,158.3
2015-09-19,2,6.3
2015-09-20,0,0.0
2015-09-21,3,6.4
2015-09-22,0,0.0
2015-09-23,0,0.0
2015-09-24,0,0.0
2015-09-25,0,0.0
2015-09-26,6,19.9
2015-09-27,11,69.6
2015-09-28,29,141.5
2015-09-29,88,347.1
2015-09-30,65,294.4
2015-10-01,95,421.9
2015-10-02,154,812.8
2015-10-03,252,1339.1
2015-10-04,457,1920.1
2015-10-05,269,1406.8
2015-10-06,164,858.2
2015-10-07,261,1148.0
2015-10-08,444,2533.7
2015-10-09,608,2990.4
2015-10-10,575,2973.2
2015-10-11,360,2369.5
2015-10-12,277,1611.8
2015-10-13,307,2139.1
2015-10-14,282,1517.7
2015-10-15,629,3741.3
2015-10-16,524,2920.9
2015-10-17,588,3083.1
2015-10-18,775,4857.1
2015-10-19,430,2497.7
2015-10-20,1240,6707.0
2015-10-21,827,5780.3
2015-10-22,1101,7323.4
2015-10-23,1264,7197.6
2015-10-24,1621,10797.8
2015-10-25,833,5398.0
2015-10-26,69,419.5
2015-10-27,591,3967.4
2015-10-28,1065,6353.3
2015-10-29,1785,14059.5
2015-10-30,3293,23117.7
2015-10-31,3957,26734.5
2015-11-01,2932,21079.5
2015-11-02,1825,11296.3
2015-11-03,4952,32368.3
2015-11-04,4558,37922.2
2015-11-05,2253,15934.9
2015-11-06,2213,16029.4
2015-11-07,1613,10688.1
2015-11-08,3327,17861.9
2015-11-09,2584,16187.7
2015-11-10,5270,37187.7
2015-11-11,3731,27411.8
2015-11-12,2068,16773.8
2015-11-13,1554,10115.8
2015-11-14,1899,14850.5
2015-11-15,1718,11455.0
2015-11-16,1610,9520.0
2015-11-17,836,5931.1
2015-11-18,648,4523.3
2015-11-19,561,3980.4
2015-11-20,558,3625.3
2015-11-21,667,3103.5
2015-11-22,330,2060.6
2015-11-23,77,367.9
2015-11-24,176,952.9
2015-11-25,150,985.7
2015-11-26,153,735.0
2015-11-27,99,487.0
2015-11-28,17,65.6
2015-11-29,25,95.9
2015-11-30,33,158.9
2015-12-01,30,82.3
2015-12-02,26,84.0
2015-12-03,33,175.6
2015-12-04,18,83.0
2015-12-05,10,39.7
2015-12-06,18,78.6
2015-12-07,19,57.9
2015-12-08,5,15.2
2015-12-09,4,5.3
2015-12-10,6,20.0
2015-12-11,12,37.7
2015-12-12,29,87.5
2015-12-13,35,109.7
2015-12-14,19,71.4
2015-12-15,24,125.6
2016-09-15,12,49.9
2016-09-16,12,83.9
2016-09-17,4,23.2
2016-09-18,20,105.0
2016-09-19,36,180.3
2016-09-20,44,177.6
2016-09-21,25,121.0
2016-09-22,14,62.6
2016-09-23,37,129.9
2016-09-24,76,371.2
2016-09-25,99,411.0
2016-09-26,61,267.8
2016-09-27,14,70.4
2016-09-28,34,144.8
2016-09-29,48,245.1
2016-09-30,138,594.3
2016-10-01,170,773.7
2016-10-02,89,485.5
2016-10-03,59,240.8
2016-10-04,55,293.8
2016-10-05,148,711.5
2016-10-06,276,1180.4
2016-10-07,303,1662.9
2016-10-08,159,937.6
2016-10-09,407,1856.8
2016-10-10,580,3296.7
2016-10-11,900,4622.9
2016-10-12,734,4044.1
2016-10-13,656,4093.1
2016-10-14,958,5501.5
2016-10-15,1095,7652.8
2016-10-16,1448,9310.3
2016-10-17,1590,8739.0
2016-10-18,1162,7429.8
2016-10-19,1350,8003.8
2016-10-20,1228,7394.4
2016-10-21,1599,10837.6
2016-10-22,2475,13542.1
2016-10-23,1898,12972.3
2016-10-24,1256,8634.8
2016-10-25,1991,11189.7
2016-10-26,2517,18536.2
2016-10-27,2892,19383.9
2016-10-28,2613,18666.2
2016-10-29,2075,16485.4
2016-10-30,1447,8668.0
2016-10-31,5553,48377.6
2016-11-01,5383,40039.1
2016-11-02,3333,18469.9
2016-11-03,3860,25727.3
2016-11-04,3271,21006.5
2016-11-05,4320,27739.5
2016-11-06,6291,47231.1
2016-11-07,8400,58280.2
2016-11-08,3752,31321.8
2016-11-09,3673,30536.2
2016-11-10,2957,16564.1
2016-11-11,3979,30617.5
2016-11-12,1931,13083.0
2016-11-13,1039,6711.1
2016-11-14,700,4843.5
2016-11-15,945,5877.2
2016-11-16,1053,7393.4
2016-11-17,1208,7202.7
2016-11-18,774,4116.0
2016-11-19,352,1946.8
2016-11-20,378,2345.8
2016-11-21,211,1471.6
2016-11-22,272,1591.2
2016-11-23,198,765.4
2016-11-24,81,382.7
2016-11-25,148,644.7
2016-11-26,69,313.3
2016-11-27,135,662.5
2016-11-28,138,477.2
2016-11-29,77,249.0
2016-11-30,38,162.0
2016-12-01,63,502.6
2016-12-02,70,404.3
2016-12-03,150,773.6
2016-12-04,169,844.8
2016-12-05,87,336.7
2016-12-06,61,240.4
2016-12-07,56,255.5
2016-12-08,110,502.0
2016-12-09,130,505.7
2016-12-10,3,9.9
2016-12-11,24,97.1
2016-12-12,10,31.3
2016-12-13,37,184.5
2016-12-14,46,138.6
2016-12-15,51,139.8
2017-09-15,6,15.4
2017-09-16,23,87.9
2017-09-17,46,271.6
2017-09-18,22,96.0
2017-09-19,35,171.3
2017-09-20,44,221.8
2017-09-21,25,140.2
2017-09-22,40,201.9
2017-09-23,24,85.2
2017-09-24,23,85.6
2017-09-25,18,95.0
2017-09-26,42,230.2
2017-09-27,66,367.9
2017-09-28,115,553.1
2017-09-29,58,270.3
2017-09-30,76,417.5
2017-10-01,88,410.3
2017-10-02,99,524.9
2017-10-03,141,655.9
2017-10-04,183,864.5
2017-10-05,210,1145.9
2017-10-06,201,1072.5
2017-10-07,239,1298.4
2017-10-08,434,2500.7
2017-10-09,402,1710.4
2017-10-10,372,2000.6
2017-10-11,209,1284.9
2017-10-12,525,2642.3
2017-10-13,470,2967.6
2017-10-14,819,4538.9
2017-10-15,947,5583.8
2017-10-16,549,3545.9
2017-10-17,912,5234.0
2017-10-18,946,6775.6
2017-10-19,1637,10885.8
2017-10-20,2037,10772.3
2017-10-21,1224,7718.8
2017-10-22,1028,5888.9
2017-10-23,1092,6851.1
2017-10-24,1586,10816.5
2017-10-25,1888,10516.8
2017-10-26,1608,11606.6
2017-10-27,1385,9675.9
2017-10-28,2662,16080.9
2017-10-29,3277,22722.9
2017-10-30,3499,21892.7
2017-10-31,3341,22074.3
2017-11-01,2617,18894.6
2017-11-02,1348,7178.4
2017-11-03,1952,12500.8
2017-11-04,5190,31241.1
2017-11-05,2473,11582.7
2017-11-06,178,637.0
2017-11-07,458,2702.7
2017-11-08,2460,12600.8
2017-11-09,990,5836.2
2017-11-10,1915,8687.2
2017-11-11,131,543.3
2017-11-12,27,127.5
2017-11-13,260,790.4
2017-11-14,1004,5281.5
2017-11-15,59,219.4
2017-11-16,35,176.9
2017-11-17,202,1355.9
2017-11-18,2315,13646.6
2017-11-19,2387,17081.5
2017-11-20,2626,16232.0
2017-11-21,2278,13558.4
2017-11-22,1031,6339.6
2017-11-23,1038,7266.5
2017-11-24,720,5516.0
2017-11-25,825,5597.6
2017-11-26,802,3799.7
2017-11-27,406,2327.7
2017-11-28,193,1352.0
2017-11-29,232,1213.1
2017-11-30,244,1199.8
2017-12-01,269,1043.4
2017-12-02,135,515.4
2017-12-03,44,161.1
2017-12-04,22,70.4
2017-12-05,42,283.8
2017-12-06,89,458.8
2017-12-07,147,540.4
2017-12-08,97,336.9
2017-12-09,63,264.2
2017-12-10,36,148.1
2017-12-11,0,0.0
2017-12-12,0,0.0
2017-12-13,0,0.0
2017-12-14,0,0.0
2017-12-15,2,5.9
2018-09-15,16,74.3
2018-09-16,9,22.1
2018-09-17,11,83.7
2018-09-18,15,70.7
2018-09-19,21,111.1
2018-09-20,52,252.7
2018-09-21,75,336.0
2018-09-22,2,10.9
2018-09-23,0,0.0
2018-09-24,6,22.7
2018-09-25,12,53.8
2018-09-26,25,94.9
2018-09-27,28,103.4
2018-09-28,21,80.4
2018-09-29,24,82.2
2018-09-30,43,203.2
2018-10-01,91,304.4
2018-10-02,77,320.7
2018-10-03,25,127.3
2018-10-04,74,342.9
2018-10-05,117,626.8
2018-10-06,242,1165.5
2018-10-07,391,1555.2
2018-10-08,120,567.9
2018-10-09,109,465.5
2018-10-10,77,499.9
2018-10-11,208,957.8
2018-10-12,349,1292.9
2018-10-13,300,1510.0
2018-10-14,248,1278.7
2018-10-15,236,999.1
2018-10-16,329,1587.3
2018-10-17,628,2839.0
2018-10-18,588,3220.1
2018-10-19,475,2931.6
2018-10-20,713,4155.4
2018-10-21,894,6158.1
2018-10-22,844,4792.9
2018-10-23,1062,5964.1
2018-10-24,983,6366.9
2018-10-25,1114,6889.3
2018-10-26,1490,10792.3
2018-10-27,2147,16323.8
2018-10-28,3113,19348.5
2018-10-29,1432,9947.2
2018-10-30,1491,10124.9
2018-10-31,2989,16987.5
2018-11-01,3792,29202.8
2018-11-02,3882,27116.1
2018-11-03,1193,7995.1
2018-11-04,1025,6772.2
2018-11-05,3305,21926.6
2018-11-06,3462,29729.0
2018-11-07,4309,31904.4
2018-11-08,4800,29414.6
2018-11-09,2262,13576.0
2018-11-10,1842,10071.6
2018-11-11,1609,9892.8
2018-11-12,1456,10526.9
2018-11-13,1771,10782.1
2018-11-14,975,6716.7
2018-11-15,1741,11721.6
2018-11-16,1694,9776.6
2018-11-17,1226,8748.0
2018-11-18,1839,11063.8
2018-11-19,1020,6384.6
2018-11-20,500,3275.5
2018-11-21,719,4091.9
2018-11-22,461,3470.2
2018-11-23,632,3835.7
2018-11-24,386,2024.4
2018-11-25,209,1051.9
2018-11-26,112,623.8
2018-11-27,1,0.7
2018-11-28,126,532.1
2018-11-29,91,436.2
2018-11-30,70,343.9
2018-12-01,34,133.9
2018-12-02,45,169.4
2018-12-03,39,144.3
2018-12-04,29,107.5
2018-12-05,45,135.3
2018-12-06,30,98.3
2018-12-07,23,84.3
2018-12-08,25,72.3
2018-12-09,29,146.6
2018-12-10,25,66.8
2018-12-11,18,76.3
2018-12-12,6,9.2
2018-12-13,14,24.7
2018-12-14,32,94.0
2018-12-15,46,143.4
2019-09-15,17,131.9
2019-09-16,11,45.8
2019-09-17,47,264.9
2019-09-18,47,238.5
2019-09-19,2,7.0
2019-09-20,11,73.1
2019-09-21,51,246.4
2019-09-22,68,458.3
2019-09-23,87,373.9
2019-09-24,114,624.3
2019-09-25,43,212.9
2019-09-26,20,92.4
2019-09-27,15,65.9
2019-09-28,29,154.5
2019-09-29,4,15.9
2019-09-30,8,34.0
2019-10-01,6,15.2
2019-10-02,38,139.9
2019-10-03,51,188.2
2019-10-04,33,137.0
2019-10-05,59,225.3
2019-10-06,27,87.9
2019-10-07,54,252.2
2019-10-08,159,896.3
2019-10-09,232,968.0
2019-10-10,321,1381.1
2019-10-11,221,1120.2
2019-10-12,190,826.4
2019-10-13,289,1345.6
2019-10-14,333,1824.2
2019-10-15,534,2323.7
2019-10-16,356,1974.9
2019-10-17,260,1358.0
2019-10-18,145,680.8
2019-10-19,571,3118.7
2019-10-20,897,4606.1
2019-10-21,977,5778.1
2019-10-22,698,4710.8
2019-10-23,933,5406.3
2019-10-24,1140,8085.0
2019-10-25,1786,11322.4
2019-10-26,2480,14328.4
2019-10-27,2405,16568.1
2019-10-28,2383,15791.1
2019-10-29,1568,12117.4
2019-10-30,3136,26049.4
2019-10-31,1,0.6
2019-11-01,345,2012.8
2019-11-02,11,36.8
2019-11-03,2902,15345.0
2019-11-04,5103,39053.2
2019-11-05,5032,33940.5
2019-11-06,4340,34459.9
2019-11-07,153,1206.2
2019-11-08,457,2969.9
2019-11-09,1825,15923.4
2019-11-10,2469,18085.5
2019-11-11,740,4702.7
2019-11-12,616,3562.5
2019-11-13,15,67.9
2019-11-14,1,2.4
2019-11-15,129,700.3
2019-11-16,72,411.5
2019-11-17,532,3230.7
2019-11-18,681,4692.6
2019-11-19,1528,10077.5
2019-11-20,873,7858.0
2019-11-21,200,953.2
2019-11-22,25,125.8
2019-11-23,266,2238.1
2019-11-24,477,3329.7
2019-11-25,352,2377.3
2019-11-26,32,118.6
2019-11-27,21,108.9
2019-11-28,9,42.5
2019-11-29,39,223.0
2019-11-30,89,598.7
2019-12-01,189,999.7
2019-12-02,218,843.3
2019-12-03,105,623.8
2019-12-04,52,284.3
2019-12-05,54,293.7
2019-12-06,162,653.3
2019-12-07,187,624.7
2019-12-08,166,699.8
2019-12-09,9,30.6
2019-12-10,35,172.1
2019-12-11,1,4.8
2019-12-12,0,0.0
2019-12-13,1,1.0
2019-12-14,3,3.2
2019-12-15,2,6.0
2020-09-15,8,82.1
2020-09-16,3,11.2
2020-09-17,25,158.6
2020-09-18,50,252.2
2020-09-19,45,266.0
2020-09-20,87,456.8
2020-09-21,60,359.7
2020-09-22,48,308.5
2020-09-23,73,422.5
2020-09-24,112,816.5
2020-09-25,225,1375.0
2020-09-26,147,790.2
2020-09-27,106,596.8
2020-09-28,62,325.7
2020-09-29,130,792.8
2020-09-30,189,1162.8
2020-10-01,216,1115.8
2020-10-02,220,1337.3
2020-10-03,149,841.3
2020-10-04,299,1361.4
2020-10-05,214,1114.8
2020-10-06,292,1295.6
2020-10-07,273,1363.7
2020-10-08,215,1277.5
2020-10-09,202,1261.4
2020-10-10,393,2824.0
2020-10-11,613,3197.7
2020-10-12,476,2315.2
2020-10-13,374,2176.2
2020-10-14,635,3934.7
2020-10-15,717,4629.4
2020-10-16,786,4870.8
2020-10-17,1212,6796.8
2020-10-18,1055,7237.8
2020-10-19,766,4717.2
2020-10-20,1174,7154.1
2020-10-21,1239,8169.4
2020-10-22,1637,9341.4
2020-10-23,1159,7336.3
2020-10-24,915,6285.2
2020-10-25,1667,10929.0
2020-10-26,1815,14985.4
2020-10-27,2378,16935.5
2020-10-28,2294,14759.6
2020-10-29,1630,11159.6
2020-10-30,3453,25601.3
2020-10-31,3834,32939.5
2020-11-01,3368,29817.0
2020-11-02,3321,22253.7
2020-11-03,2470,20314.2
2020-11-04,4012,32724.4
2020-11-05,5355,35826.6
2020-11-06,4296,35042.7
2020-11-07,5013,36008.2
2020-11-08,3087,23052.6
2020-11-09,1558,11988.7
2020-11-10,3622,25748.3
2020-11-11,2684,21692.7
2020-11-12,2121,14277.5
2020-11-13,1999,11995.8
2020-11-14,417,2351.1
2020-11-15,116,532.3
2020-11-16,27,166.1
2020-11-17,331,2081.2
2020-11-18,727,4377.6
2020-11-19,520,3534.7
2020-11-20,732,4734.9
2020-11-21,823,4872.1
2020-11-22,36,232.7
2020-11-23,149,891.7
2020-11-24,38,211.9
2020-11-25,1,0.6
2020-11-26,35,113.3
2020-11-27,173,1037.3
2020-11-28,246,1133.7
2020-11-29,146,753.8
2020-11-30,77,336.7
2020-12-01,79,437.7
2020-12-02,68,353.5
2020-12-03,85,355.7
2020-12-04,94,339.8
2020-12-05,50,244.0
2020-12-06,26,109.4
2020-12-07,33,113.1
2020-12-08,47,172.5
2020-12-09,27,75.5
2020-12-10,49,175.9
2020-12-11,18,55.3
2020-12-12,2,4.8
2020-12-13,4,10.4
2020-12-14,11,34.1
2020-12-15,92,322.5
2021-09-15,2,10.8
2021-09-16,3,14.2
2021-09-17,6,14.0
2021-09-18,16,54.2
2021-09-19,19,137.1
2021-09-20,15,76.5
2021-09-21,2,19.9
2021-09-22,0,0.0
2021-09-23,3,6.7
2021-09-24,17,99.6
2021-09-25,19,107.9
2021-09-26,23,96.7
2021-09-27,59,354.0
2021-09-28,92,460.2
2021-09-29,104,466.2
2021-09-30,58,400.2
2021-10-01,21,83.0
2021-10-02,11,57.9
2021-10-03,79,436.6
2021-10-04,62,279.0
2021-10-05,50,248.0
2021-10-06,63,294.6
2021-10-07,161,704.2
2021-10-08,164,975.8
2021-10-09,304,1335.9
2021-10-10,399,1734.4
2021-10-11,186,1031.8
2021-10-12,213,1015.0
2021-10-13,354,1957.4
2021-10-14,608,3030.1
2021-10-15,1208,5921.2
2021-10-16,905,5080.3
2021-10-17,50,252.4
2021-10-18,111,790.4
2021-10-19,771,4787.7
2021-10-20,1307,6364.7
2021-10-21,1030,6205.6
2021-10-22,1278,7975.3
2021-10-23,844,5238.8
2021-10-24,47,265.0
2021-10-25,328,1522.5
2021-10-26,623,3389.2
2021-10-27,499,3007.5
2021-10-28,1266,8337.9
2021-10-29,1532,12135.3
2021-10-30,2197,15740.7
2021-10-31,3021,19141.7
2021-11-01,2555,17957.4
2021-11-02,2965,20308.2
2021-11-03,3090,24109.0
2021-11-04,3750,34361.1
2021-11-05,6585,45282.0
2021-11-06,4742,41231.2
2021-11-07,5179,45372.5
2021-11-08,5707,43264.4
2021-11-09,4953,42198.1
2021-11-10,5349,36957.3
2021-11-11,4430,32469.1
2021-11-12,3872,32984.5
2021-11-13,4734,37122.3
2021-11-14,2900,25651.1
2021-11-15,2588,18621.9
2021-11-16,2020,13265.3
2021-11-17,877,5934.0
2021-11-18,896,6658.8
2021-11-19,806,5838.6
2021-11-20,601,3984.2
2021-11-21,697,3508.2
2021-11-22,287,1733.3
2021-11-23,206,1376.1
2021-11-24,159,819.7
2021-11-25,136,782.7
2021-11-26,124,481.1
2021-11-27,109,548.0
2021-11-28,43,212.5
2021-11-29,50,190.3
2021-11-30,58,301.8
2021-12-01,2,5.0
2021-12-02,20,84.3
2021-12-03,17,49.2
2021-12-04,38,144.1
2021-12-05,9,28.4
2021-12-06,23,90.6
2021-12-07,37,106.8
2021-12-08,39,112.2
2021-12-09,12,46.0
2021-12-10,29,81.2
2021-12-11,31,143.9
2021-12-12,55,157.3
2021-12-13,59,199.2
2021-12-14,31,101.5
2021-12-15,35,87.8
2022-09-15,27,130.8
2022-09-16,2,5.5
2022-09-17,8,30.6
2022-09-18,11,67.9
2022-09-19,28,201.6
2022-09-20,17,92.3
2022-09-21,70,293.8
2022-09-22,40,180.1
2022-09-23,6,20.3
2022-09-24,0,0.0
2022-09-25,5,2.0
2022-09-26,6,15.2
2022-09-27,6,25.4
2022-09-28,4,11.7
2022-09-29,6,40.9
2022-09-30,29,144.1
2022-10-01,103,397.4
2022-10-02,169,694.2
2022-10-03,99,523.2
2022-10-04,128,610.2
2022-10-05,166,958.6
2022-10-06,194,917.0
2022-10-07,145,511.4
2022-10-08,49,244.2
2022-10-09,14,51.9
2022-10-10,18,68.9
2022-10-11,64,316.8
2022-10-12,143,588.7
2022-10-13,166,819.2
2022-10-14,133,787.5
2022-10-15,254,1185.8
2022-10-16,363,2153.7
2022-10-17,486,2620.8
2022-10-18,571,2877.2
2022-10-19,400,1947.4
2022-10-20,219,1064.8
2022-10-21,434,2339.9
2022-10-22,784,4651.7
2022-10-23,1206,6129.2
2022-10-24,1107,7006.8
2022-10-25,939,6689.8
2022-10-26,1075,6119.0
2022-10-27,1342,8816.7
2022-10-28,1955,11827.3
2022-10-29,2063,12990.5
2022-10-30,1663,11647.9
2022-10-31,1873,12141.6
2022-11-01,2083,16351.5
2022-11-02,3098,22883.7
2022-11-03,3048,21350.9
2022-11-04,1745,11345.8
2022-11-05,3077,20024.8
2022-11-06,615,3741.9
2022-11-07,2407,18980.8
2022-11-08,748,4686.4
2022-11-09,1292,9739.5
2022-11-10,2139,14529.8
2022-11-11,3354,22411.2
2022-11-12,2718,21628.8
2022-11-13,2346,15639.1
2022-11-14,9,22.1
2022-11-15,172,1089.1
2022-11-16,1119,7325.0
2022-11-17,1223,9634.7
2022-11-18,730,4246.0
2022-11-19,651,3675.1
2022-11-20,408,2451.9
2022-11-21,312,2042.1
2022-11-22,244,1927.7
2022-11-23,232,1264.2
2022-11-24,210,875.5
2022-11-25,106,601.6
2022-11-26,66,462.8
2022-11-27,77,426.6
2022-11-28,54,212.0
2022-11-29,71,260.5
2022-11-30,55,195.7
2022-12-01,39,186.1
2022-12-02,12,19.1
2022-12-03,31,70.6
2022-12-04,48,251.7
2022-12-05,64,234.5
2022-12-06,38,192.2
2022-12-07,41,153.8
2022-12-08,17,51.1
2022-12-09,36,129.3
2022-12-10,32,182.1
2022-12-11,42,167.5
2022-12-12,52,232.5
2022-12-13,39,229.8
2022-12-14,28,85.5
2022-12-15,54,199.1
2023-09-15,2,11.8
2023-09-16,7,37.6
2023-09-17,1,4.0
2023-09-18,1,0.6
2023-09-19,1,4.4
2023-09-20,5,23.4
2023-09-21,1,2.6
2023-09-22,3,9.9
2023-09-23,7,20.1
2023-09-24,3,3.6
2023-09-25,4,12.7
2023-09-26,2,5.0
2023-09-27,45,246.1
2023-09-28,46,184.6
2023-09-29,96,393.2
2023-09-30,137,623.0
2023-10-01,106,606.8
2023-10-02,178,836.0
2023-10-03,160,919.3
2023-10-04,216,1058.8
2023-10-05,233,1093.2
2023-10-06,170,793.1
2023-10-07,84,394.9
2023-10-08,153,758.1
2023-10-09,167,914.7
2023-10-10,97,345.1
2023-10-11,111,501.3
2023-10-12,147,778.7
2023-10-13,185,764.8
2023-10-14,224,1173.5
2023-10-15,188,839.1
2023-10-16,0,0.0
2023-10-17,4,7.1
2023-10-18,40,181.9
2023-10-19,85,442.4
2023-10-20,229,1214.6
2023-10-21,291,1232.6
2023-10-22,62,268.7
2023-10-23,224,1114.1
2023-10-24,472,2510.5
2023-10-25,474,2631.5
2023-10-26,831,4065.8
2023-10-27,628,4112.5
2023-10-28,184,1024.5
2023-10-29,1007,5607.5
2023-10-30,1105,7005.3
2023-10-31,1587,8828.0
2023-11-01,1550,9464.5
2023-11-02,2,1.8
2023-11-03,1040,6340.6
2023-11-04,1533,11651.3
2023-11-05,3282,22465.7
2023-11-06,1957,10909.2
2023-11-07,1633,10629.1
2023-11-08,1340,8279.6
2023-11-09,783,4949.5
2023-11-10,17,92.5
2023-11-11,158,714.1
2023-11-12,1044,7070.1
2023-11-13,1334,9166.5
2023-11-14,1981,12247.2
2023-11-15,1991,14824.9
2023-11-16,1518,9106.2
2023-11-17,1087,7275.5
2023-11-18,474,3595.9
2023-11-19,861,5794.9
2023-11-20,550,4013.4
2023-11-21,791,4806.5
2023-11-22,502,2754.0
2023-11-23,289,1761.7
2023-11-24,210,1122.7
2023-11-25,50,399.6
2023-11-26,73,516.9
2023-11-27,5,4.1
2023-11-28,50,164.2
2023-11-29,19,70.1
2023-11-30,19,68.1
2023-12-01,54,234.1
2023-12-02,72,306.6
2023-12-03,59,181.6
2023-12-04,10,40.8
2023-12-05,18,68.7
2023-12-06,46,234.3
2023-12-07,58,240.9
2023-12-08,60,227.8
2023-12-09,29,126.0
2023-12-10,34,102.1
2023-12-11,34,102.9
2023-12-12,34,157.7
2023-12-13,66,250.0
2023-12-14,12,47.7
2023-12-15,23,67.1
2024-09-15,89,424.5
2024-09-16,33,223.1
2024-09-17,25,163.0
2024-09-18,17,109.7
2024-09-19,17,56.0
2024-09-20,47,199.9
2024-09-21,75,409.1
2024-09-22,54,269.4
2024-09-23,43,155.5
2024-09-24,50,330.8
2024-09-25,87,509.8
2024-09-26,0,0.0
2024-09-27,1,0.8
2024-09-28,2,2.5
2024-09-29,23,81.5
2024-09-30,30,135.5
2024-10-01,79,330.4
2024-10-02,65,297.7
2024-10-03,40,229.5
2024-10-04,47,245.6
2024-10-05,67,302.4
2024-10-06,73,311.4
2024-10-07,114,487.6
2024-10-08,66,344.0
2024-10-09,101,455.2
2024-10-10,135,713.3
2024-10-11,208,1086.0
2024-10-12,314,1363.4
2024-10-13,227,1048.3
2024-10-14,141,778.4
2024-10-15,203,914.1
2024-10-16,179,899.0
2024-10-17,357,1549.6
2024-10-18,241,1110.2
2024-10-19,102,452.0
2024-10-20,163,763.1
2024-10-21,151,777.5
2024-10-22,232,1061.5
2024-10-23,279,1090.0
2024-10-24,160,834.2
2024-10-25,207,1046.2
2024-10-26,171,994.6
2024-10-27,291,1640.6
2024-10-28,302,1369.7
2024-10-29,214,1333.4
2024-10-30,203,1181.8
2024-10-31,579,3537.5
2024-11-01,825,5502.5
2024-11-02,656,3187.8
2024-11-03,0,0.0
2024-11-04,0,0.0
2024-11-05,0,0.0
2024-11-06,12,14.4
2024-11-07,668,3337.6
2024-11-08,707,3416.6
2024-11-09,359,1731.5
2024-11-10,207,1274.2
2024-11-11,418,2375.6
2024-11-12,201,1157.4
2024-11-13,388,1487.5
2024-11-14,23,103.7
2024-11-15,90,476.2
2024-11-16,187,843.7
2024-11-17,634,3248.4
2024-11-18,1143,5319.9
2024-11-19,473,2506.3
2024-11-20,207,1377.9
2024-11-21,252,1541.9
2024-11-22,268,1927.5
2024-11-23,280,1709.7
2024-11-24,224,982.6
2024-11-25,107,605.3
2024-11-26,89,479.6
2024-11-27,88,428.9
2024-11-28,69,306.5
2024-11-29,92,360.6
2024-11-30,45,219.0
2024-12-01,43,351.0
2024-12-02,18,151.8
2024-12-03,32,97.0
2024-12-04,50,154.1
2024-12-05,58,351.5
2024-12-06,35,129.7
2024-12-07,47,335.8
2024-12-08,8,20.9
2024-12-09,27,74.8
2024-12-10,57,232.0
2024-12-11,32,159.7
2024-12-12,24,56.5
2024-12-13,20,44.7
2024-12-14,79,355.1
2024-12-15,129,463.8
2025-09-15,7,41.7
2025-09-16,20,122.2
2025-09-17,20,87.2
2025-09-18,20,68.2
2025-09-19,9,51.7
2025-09-20,2,9.5
2025-09-21,7,30.8
2025-09-22,15,108.4
2025-09-23,15,73.8
2025-09-24,38,166.0
2025-09-25,22,89.6
2025-09-26,8,27.4
2025-09-27,27,126.7
2025-09-28,46,189.2
2025-09-29,59,329.3
2025-09-30,19,94.9
2025-10-01,23,103.6
2025-10-02,40,185.5
2025-10-03,56,364.7
2025-10-04,107,428.8
2025-10-05,14,49.5
2025-10-06,0,0.0
2025-10-07,9,37.4
2025-10-08,13,24.5
2025-10-09,49,317.7
2025-10-10,91,463.2
2025-10-11,73,334.4
2025-10-12,73,358.5
2025-10-13,70,430.8
2025-10-14,146,710.5
2025-10-15,174,823.2
2025-10-16,130,617.1
2025-10-17,112,552.3
2025-10-18,165,716.4
2025-10-19,221,1238.5
2025-10-20,285,1172.9
2025-10-21,212,1049.2
2025-10-22,136,858.8
2025-10-23,138,707.9
2025-10-24,143,728.5
2025-10-25,266,1247.8
2025-10-26,337,1555.8
2025-10-27,118,624.5
2025-10-28,96,494.9
2025-10-29,216,1606.8
2025-10-30,281,1677.3
2025-10-31,448,2007.5
2025-11-01,309,1864.8
2025-11-02,321,2006.6
2025-11-03,248,1208.8
2025-11-04,348,2337.8
2025-11-05,295,1377.9
2025-11-06,254,1296.5
2025-11-07,216,1304.2
2025-11-08,325,1904.4
2025-11-09,407,2344.3
2025-11-10,349,1525.0
2025-11-11,298,1401.1
2025-11-12,4,8.6
2025-11-13,152,900.1
2025-11-14,140,1125.9
2025-11-15,155,1156.7
2025-11-16,209,848.4
2025-11-17,70,364.7
2025-11-18,64,360.4
2025-11-19,65,321.9
2025-11-20,72,317.1
2025-11-21,86,386.2
2025-11-22,42,175.4
2025-11-23,23,106.2
2025-11-24,28,144.8
2025-11-25,19,85.3
2025-11-26,27,85.6
2025-11-27,48,254.3
2025-11-28,22,121.8
2025-11-29,8,26.3
2025-11-30,26,390.9
2025-12-01,24,81.8
2025-12-02,22,60.5
2025-12-03,18,68.9
2025-12-04,5,14.7
2025-12-05,13,39.0
2025-12-06,12,20.1
2025-12-07,16,53.8
2025-12-08,24,60.0
2025-12-09,16,41.8
2025-12-10,16,110.8
2025-12-11,27,90.0
2025-12-12,19,98.6
2025-12-13,8,30.9
2025-12-14,11,31.8
2025-12-15,26,55.2
