station_id,location_id,sensor_id,parameter,units
DL001,6932,12235693,co,ppb
DL001,6932,12235695,no2,ppb
DL001,6932,12235696,o3,µg/m³
DL001,6932,12235697,pm10,µg/m³
DL001,6932,12235698,pm25,µg/m³
DL001,6932,12235700,so2,ppb
DL002,235,12235605,co,ppb
DL002,235,12235607,no2,ppb
DL002,235,12235608,o3,µg/m³
DL002,235,12235609,pm10,µg/m³
DL002,235,12235610,pm25,µg/m³
DL002,235,12235612,so2,ppb
DL003,8915,12235119,co,ppb
DL003,8917,12234997,co,ppb
DL003,8915,12235121,no2,ppb
DL003,8917,12234999,no2,ppb
DL003,8915,12235122,o3,µg/m³
DL003,8917,12235000,o3,µg/m³
DL003,8915,12235123,pm10,µg/m³
DL003,8917,12235001,pm10,µg/m³
DL003,8915,12235124,pm25,µg/m³
DL003,8917,12235002,pm25,µg/m³
DL003,8915,12235126,so2,ppb
DL003,8917,12235004,so2,ppb
DL004,5570,12234703,co,ppb
DL004,5570,12234705,no2,ppb
DL004,5570,12234706,o3,µg/m³
DL004,5570,12234707,pm10,µg/m³
DL004,5570,12234708,pm25,µg/m³
DL005,8472,12235289,co,ppb
DL005,8472,12235291,no2,ppb
DL005,8472,12235292,o3,µg/m³
DL005,8472,12235293,pm10,µg/m³
DL005,8472,12235294,pm25,µg/m³
DL005,8472,12235296,so2,ppb
DL006,5541,12234679,co,ppb
DL006,5541,12234681,no2,ppb
DL006,5541,12234682,o3,µg/m³
DL006,5541,12234683,pm10,µg/m³
DL006,5541,12234684,pm25,µg/m³
DL007,5627,12234673,co,ppb
DL007,5627,12234675,no2,ppb
DL007,5627,12234676,o3,µg/m³
DL007,5627,12234677,pm10,µg/m³
DL007,5627,12234678,pm25,µg/m³
DL008,5626,12234755,co,ppb
DL008,5626,12234757,no2,ppb
DL008,5626,12234758,o3,µg/m³
DL008,5626,12234759,pm10,µg/m³
DL008,5626,12234760,pm25,µg/m³
DL008,5626,12234762,so2,ppb
DL009,6934,12235006,co,ppb
DL009,6934,12235008,no2,ppb
DL009,6934,12235009,o3,µg/m³
DL009,6934,12235010,pm10,µg/m³
DL009,6934,12235011,pm25,µg/m³
DL009,6934,12235013,so2,ppb
DL010,6931,12235015,co,ppb
DL010,6931,12235017,no2,ppb
DL010,6931,12235018,o3,µg/m³
DL010,6931,12235019,pm10,µg/m³
DL010,6931,12235020,pm25,µg/m³
DL010,6931,12235022,so2,ppb
DL012,5650,12234691,co,ppb
DL012,5650,12234693,no2,ppb
DL012,5650,12234694,o3,µg/m³
DL012,5650,12234695,pm10,µg/m³
DL012,5650,12234696,pm25,µg/m³
DL013,6359,12234730,co,ppb
DL013,6359,12234732,no2,ppb
DL013,6359,12234733,o3,µg/m³
DL013,6359,12234734,pm10,µg/m³
DL013,6359,12234735,pm25,µg/m³
DL013,6359,12234737,so2,ppb
DL014,5613,12234748,co,ppb
DL014,5613,12234750,no2,ppb
DL014,5613,12234751,o3,µg/m³
DL014,5613,12234752,pm10,µg/m³
DL014,5613,12234753,pm25,µg/m³
DL014,5613,12234754,so2,ppb
DL015,8235,12235024,co,ppb
DL015,8235,12235026,no2,ppb
DL015,8235,12235027,o3,µg/m³
DL015,8235,12235028,pm10,µg/m³
DL015,8235,12235029,pm25,µg/m³
DL015,8235,12235031,so2,ppb
DL016,6957,12235033,co,ppb
DL016,6957,12235035,no2,ppb
DL016,6957,12235036,o3,µg/m³
DL016,6957,12235037,pm10,µg/m³
DL016,6957,12235038,pm25,µg/m³
DL016,6957,12235040,so2,ppb
DL017,5634,12234709,co,ppb
DL017,5634,12234711,no2,ppb
DL017,5634,12234712,o3,µg/m³
DL017,5634,12234713,pm10,µg/m³
DL017,5634,12234714,pm25,µg/m³
DL018,6929,12235042,co,ppb
DL018,6929,12235044,no2,ppb
DL018,6929,12235045,o3,µg/m³
DL018,6929,12235046,pm10,µg/m³
DL018,6929,12235047,pm25,µg/m³
DL018,6929,12235049,so2,ppb
DL019,6358,12234773,co,ppb
DL019,6358,12234775,no2,ppb
DL019,6358,12234776,o3,µg/m³
DL019,6358,12234777,pm10,µg/m³
DL019,6358,12234778,pm25,µg/m³
DL019,6358,12234780,so2,ppb
DL020,10486,12235298,co,ppb
DL020,10486,12235300,no2,ppb
DL020,10486,12235301,o3,µg/m³
DL020,10486,12235302,pm10,µg/m³
DL020,10486,12235303,pm25,µg/m³
DL020,10486,12235305,so2,ppb
DL021,5622,12234739,co,ppb
DL021,5622,12234741,no2,ppb
DL021,5622,12234742,o3,µg/m³
DL021,5622,12234743,pm10,µg/m³
DL021,5622,12234744,pm25,µg/m³
DL021,5622,12234746,so2,ppb
DL022,10488,12235060,co,ppb
DL022,10488,12235062,no2,ppb
DL022,10488,12235063,o3,µg/m³
DL022,10488,12235064,pm10,µg/m³
DL022,10488,12235065,pm25,µg/m³
DL022,10488,12235067,so2,ppb
DL023,10485,12235051,co,ppb
DL023,10485,12235053,no2,ppb
DL023,10485,12235054,o3,µg/m³
DL023,10485,12235055,pm10,µg/m³
DL023,10485,12235056,pm25,µg/m³
DL023,10485,12235058,so2,ppb
DL024,8365,12235078,co,ppb
DL024,8365,12235080,no2,ppb
DL024,8365,12235081,o3,µg/m³
DL024,8365,12235082,pm10,µg/m³
DL024,8365,12235083,pm25,µg/m³
DL024,8365,12235085,so2,ppb
DL025,5610,12234685,co,ppb
DL025,5610,12234687,no2,ppb
DL025,5610,12234688,o3,µg/m³
DL025,5610,12234689,pm10,µg/m³
DL025,5610,12234690,pm25,µg/m³
DL026,8239,12235069,co,ppb
DL026,8239,12235071,no2,ppb
DL026,8239,12235072,o3,µg/m³
DL026,8239,12235073,pm10,µg/m³
DL026,8239,12235074,pm25,µg/m³
DL026,8239,12235076,so2,ppb
DL027,6960,12235096,co,ppb
DL027,6960,12235098,no2,ppb
DL027,6960,12235099,o3,µg/m³
DL027,6960,12235100,pm10,µg/m³
DL027,6960,12235101,pm25,µg/m³
DL027,6960,12235103,so2,ppb
DL028,50,12234791,co,ppb
DL028,50,12234793,no2,ppb
DL028,50,12234794,o3,µg/m³
DL028,50,12234795,pm10,µg/m³
DL028,50,12234796,pm25,µg/m³
DL028,50,12234798,so2,ppb
DL029,6356,12235316,co,ppb
DL029,6356,12235318,no2,ppb
DL029,6356,12235319,o3,µg/m³
DL029,6356,12235320,pm10,µg/m³
DL029,6356,12235321,pm25,µg/m³
DL029,6356,12235323,so2,ppb
DL030,5404,12234697,co,ppb
DL030,5404,12234699,no2,ppb
DL030,5404,12234700,o3,µg/m³
DL030,5404,12234701,pm10,µg/m³
DL030,5404,12234702,pm25,µg/m³
DL031,17,12234782,co,ppb
DL031,17,12234784,no2,ppb
DL031,17,12234785,o3,µg/m³
DL031,17,12234786,pm10,µg/m³
DL031,17,12234787,pm25,µg/m³
DL031,17,12234789,so2,ppb
DL032,10831,12235087,co,ppb
DL032,10831,12235089,no2,ppb
DL032,10831,12235090,o3,µg/m³
DL032,10831,12235091,pm10,µg/m³
DL032,10831,12235092,pm25,µg/m³
DL032,10831,12235094,so2,ppb
DL033,5630,12234721,co,ppb
DL033,5630,12234723,no2,ppb
DL033,5630,12234724,o3,µg/m³
DL033,5630,12234725,pm10,µg/m³
DL033,5630,12234726,pm25,µg/m³
DL033,5630,12234728,so2,ppb
DL034,5586,12234764,co,ppb
DL034,5586,12234766,no2,ppb
DL034,5586,12234767,o3,µg/m³
DL034,5586,12234768,pm10,µg/m³
DL034,5586,12234769,pm25,µg/m³
DL034,5586,12234771,so2,ppb
DL035,8475,12235105,co,ppb
DL035,8475,12235107,no2,ppb
DL035,8475,12235108,o3,µg/m³
DL035,8475,12235109,pm10,µg/m³
DL035,8475,12235110,pm25,µg/m³
DL035,8475,12235112,so2,ppb
DL036,10484,12235307,co,ppb
DL036,10484,12235309,no2,ppb
DL036,10484,12235310,o3,µg/m³
DL036,10484,12235311,pm10,µg/m³
DL036,10484,12235312,pm25,µg/m³
DL036,10484,12235314,so2,ppb
DL037,6938,12235128,co,ppb
DL037,6938,12235130,no2,ppb
DL037,6938,12235131,o3,µg/m³
DL037,6938,12235132,pm10,µg/m³
DL037,6938,12235133,pm25,µg/m³
DL037,6938,12235135,so2,ppb
DL038,8915,12235119,co,ppb
DL038,8915,12235121,no2,ppb
DL038,8915,12235122,o3,µg/m³
DL038,8915,12235123,pm10,µg/m³
DL038,8915,12235124,pm25,µg/m³
DL038,8915,12235126,so2,ppb
