period,month,paired_days,city_pm25,embassy_scaled,pct_diff,within_15
Jul 2020 - Oct 2022,2020-11,25,218.0,226.6,3.9,True
Jul 2020 - Oct 2022,2020-12,27,172.3,203.9,18.3,False
Jul 2020 - Oct 2022,2021-01,25,188.6,215.2,14.1,True
Jul 2020 - Oct 2022,2021-02,10,159.3,175.3,10.1,True
Jul 2020 - Oct 2022,2021-11,29,246.0,234.6,-4.7,True
Jul 2020 - Oct 2022,2021-12,23,187.0,187.8,0.4,True
Jul 2020 - Oct 2022,2022-01,22,161.7,179.6,11.1,True
Jul 2020 - Oct 2022,2022-02,5,117.2,130.7,11.6,True
Feb 2025 - latest,2025-02,10,77.7,76.9,-1.1,True
Feb 2025 - latest,2025-11,24,218.7,216.5,-1.0,True
Feb 2025 - latest,2025-12,31,216.2,224.4,3.8,True
Feb 2025 - latest,2026-01,21,141.3,154.6,9.3,True
Feb 2025 - latest,2026-02,21,103.6,105.9,2.2,True
